query,freq
майтони,3715
бра,3207
спот,2616
люстра,2267
торшер,2001
абажур,1804
maytoni,1750
лампа,1640
светильник,1606
арлайт,1587
прожектор,1524
люстра бар,1470
люстры,1459
трековые светильники,1302
плафон,1209
торшер напольный,1202
люстра потолочная,1144
светильник потолочный,1034
arlight,979
светильник светодиодный потолочный,870
настольная лампа,832
люстра потолочная купить,819
сонекс,791
выключатель света,759
люстры потолочные,712
светодиодные лампы,706
купить люстру,691
светильник настенный,640
ambrella volt,616
maytoni официальный сайт,600
freya,570
магазин светильников,516
евросвет,500
arte lamp,455
уличные светильники,432
люстры купить,431
люстра на кухню,424
светильник с датчиком движения,423
люстра в спальню,422
светодиодные светильники,408
st luce,402
точечные светильники,391
люстра светодиодная потолочная,386
подвесной светильник,384
зеленая лампа,374
люстра купить,355
магазин света,355
споты потолочные,354
люстра с вентилятором,350
лавовая лампа,338
лофт ит,335
odeon light,332
arlight официальный сайт,330
favourite,320
люстры купить в москве,308
светильник онлайн,292
люстра вентилятор,290
уличный фонарь,275
купить люстру потолочную,265
споты,255
бра на стену,254
солевая лампа,252
купить люстру потолочную в москве,242
спот система,236
линейный светильник,234
светильник точечный потолочный,234
светодиодная люстра,234
кольцевая лампа,226
торшеры напольные купить в москве,226
бра настенные,224
лампы,215
соляная лампа,212
галогеновые лампы,212
купить люстру в москве,211
arlight ru,211
люстра потолочная в гостиную,207
лайтстар,205
лампа светодиодная е27,203
люстра вентилятор потолочный,197
лампа gu10,197
люстра на кухню потолочная,192
люстра для кухни,188
арте ламп,185
citilux,183
светильник настольный,182
светильник садовый на солнечных батареях,181
светильники для натяжных потолков,177
lightstar,173
светильник в ванную комнату,169
уличное освещение,168
elektrostandart,168
люстра паук,165
фонарный столб,165
точечные светильники для натяжных потолков,165
светильник уличный настенный,164
светильник на солнечной батарее,164
gx53 лампа светодиодная,162
лампа для растений,157
люстра в гостиную,156
настольная лампа с абажуром,156
абажур для торшера,147
ландшафтные светильники,146
шинопровод для трековых светильников,146
светильник на батарейках,145
одеон лайт,141
бестеневая лампа,139
современные люстры,139
светильник для ванной,137
магазин люстр,136
купить бра,135
светильник потолочный встраиваемый,134
уличные фонари,134
торшер икеа,132
светильник на стену,132
люстра на дом,130
встраиваемый светильник,128
led лампа,127
светильник садовый,127
магазин люстр в москве,125
люстра подвесная,124
трековый светильник для натяжного потолка,124
светильник армстронг,124
точечные светильники для потолков,123
светильники купить,122
плафоны для люстры купить отдельно в москве,121
люстры и потолочные светильники купить,120
maytoni ru,119
магазин свет,119
светильник для бани,118
люстра в детскую,117
лампа е14,117
дизайнерские светильники,117
хрустальная люстра,117
люстра потолочная купить в москве,116
novotech,116
плафон освещения,115
люстра для спальни,114
светильник на кухню,113
настольная лампа для рабочего стола,113
ambrella light,111
бра для чтения,110
светильник бра,108
светильники майтони,107
купить торшер,107
линейный светодиодный светильник,106
светильник потолочный накладной,105
фасадные светильники,104
уличный светильник на солнечной батарее,104
абажур купить,103
favourite перевод,102
лампа настольная светодиодная,102
уличные фонари для загородного дома,101
лед лампа,101
торшер со столиком,100
светильник светодиодный уличный,99
mantra,99
купить торшер напольный,99
люстра freya,98
лампа на прищепке,98
неоновая лампа,98
ландшафтное освещение,97
накладные светильники,95
дизайнерские люстры,95
eurosvet,94
люстра купить в москве,94
уличные светильники для загородного дома,94
люстра в коридор,93
взрывозащищенные светильники,93
освещение в спальне,93
eglo,91
светильник уличный на столб,91
как повесить люстру,88
люстра лофт,88
люстра тиффани,88
светильник потолочный линейный,88
stilfort,88
люстра в стиле прованс,88
e14 цоколь,85
встроенные светильники,83
купить бра на стену,83
бра над кроватью,83
люстры гусь хрустальный,82
светильники на солнечных батареях уличные купить,82
авито люстры,81
люстры потолочные купить,81
люстра в прихожую,79
торшер напольный с абажуром,79
подсветка потолка,79
фонарный столб уличный,79
lussole,79
светильник потолочный подвесной,78
люстра потолочная светодиодная с пультом,78
светильник настенный светодиодный,77
люстра в гостиную в современном стиле,77
выключатель для бра,76
люстры потолочные купить в москве,76
люстры для натяжных потолков,76
трековые светильники купить,75
купить настольную лампу,74
светильник на кухню потолочный,74
люстра в комнату,74
лампы светодиодные потолочные,74
купить люстру на кухню,73
диодная лампа,73
купить люстру в гостиную,71
диммируемые светодиодные лампы,71
фонарь уличный на столб,69
люстра хрустальная потолочная,69
магнитный трековый светильник,68
наружное освещение,68
freya светильники,67
светильник уличный потолочный,67
аварийный светильник,67
люстра в ванную,66
уличный фонарь на солнечных батареях,66
напольная лампа,65
лампа лупа,65
светильник икеа,64
бра в спальню,64
светильники maytoni,64
светодиодное освещение,63
лампа светодиодная е14,62
потолочные светильники для натяжных потолков,62
светильник шар,62
светильник светодиодный потолочный круглый,62
люстра на натяжной потолок,61
светильник спот,61
встроенные светильники потолочные,61
гипсовые светильники,60
светильник на прищепке,60
купить плафоны для люстры отдельно,60
купить люстру в спальню,59
уличное освещение для загородного дома,59
подсветка лестницы на ступенях,59
купить потолочный светильник,59
люстра в зал,58
уличный светильник с датчиком движения,58
подвесной светильник над столом,58
люстра в спальню купить,57
настольные лампы для рабочего стола,56
лампа купить,56
светодиодная лента arlight,56
садовые фонари,56
светильник для ванной комнаты,56
g9 лампа светодиодная,56
магазин люстр москва,55
люстра италия,55
светильник в коридор,55
фасадное освещение,54
reccagni angelo,54
энергосберегающие лампы,54
светильник аварийного освещения,54
люстра шар,53
светильник люминесцентный,53
светильник на столб,52
напольные светильники,52
плафоны для люстры купить,52
беспроводной светильник,52
плафон для лампы,51
умная люстра,50
светильник в ванну,50
лампа mr16,50
лампа потолочная,49
светильник над столом,49
подключение люстры,49
встроенный светильник в потолок,49
мебельный светильник,49
светильник фасадный уличный,49
светильник с вентилятором,48
светильник уличный настенный влагозащищенный,48
леруа светильники,47
бра maytoni,47
светильник ночник,47
лампа настольная ссср,47
бра freya,47
диодный светильник,46
светильник на балкон,46
лампа 12 вольт,46
настенный светильник в ванную,46
потолочные светильники встраиваемые для гипсокартона купить,45
люстра maytoni,45
люстра с алисой,45
пульт для люстры,45
купить уличный светильник,45
подвесной линейный светильник,44
feron светильники,44
люстры для спальни,44
трек светильник,44
плафоны для светильников,43
светильник потолочный квадратный,43
люстра из ротанга,43
прикроватные светильники,42
комплектующие для светильников,42
трековый светильник черный,42
maytoni technical,42
люстры москва,42
умный светильник,42
красная лампа,41
купить настенный светильник,41
люстра над столом,41
установка люстры,41
освещение в спальне с натяжными потолками,41
ландшафтный свет,41
лампа вентилятор,40
встраиваемый светильник в натяжной потолок,40
светильник светодиодный накладной,40
светильники на потолок,40
светильник на аккумуляторе,40
подвесной светильник maytoni,40
точечный светильник потолочный встраиваемый,39
столб освещения,39
магазин ламп,39
светильник с вентилятором потолочный,39
хрустальная люстра купить,39
купить уличный фонарь,39
лампы для натяжных потолков,39
люстра на дачу,38
люстра светодиодная потолочная купить,38
купить абажур для настольной лампы,38
светильник уличный напольный,38
подсветка дома снаружи,38
ситилюкс светильники официальный сайт,38
магазин люстры,37
магазин лампочек,37
светильник в ванную комнату потолочный,37
люстра прованс,37
лампочки для люстры,37
люстра с абажуром,37
светильник уличный подвесной,37
светильники под натяжной потолок,37
светильник на террасу,37
кристаллюкс,37
ретро светильники,36
люстра бра,36
mantra светильники,36
настольная лампа ретро,36
закладная под люстру,35
светильник лофт,35
торшер черный,35
итальянские люстры,35
современные люстры в гостиную,35
красивые люстры,35
трехфазная трековая система,35
светильник для подвесного потолка,35
светильник бра настенный,35
люстры подвесные,35
настенная лампа,34
люстра потолочная подвесная,34
столбы освещения,34
светодиодные настольные лампы для дома,34
встроенные светильники для натяжного потолка,34
настенные бра в современном стиле,34
длинные лампы,34
светильники в ванную,33
деревянные светильники,33
трековая система освещения купить,33
провод для светильника,33
ночники,33
светильник круглый потолочный,33
люстра круглая потолочная,33
настольная лампа led,33
магазин светильников в москве,33
эгло,32
выключатель для светильника,32
настенный светильник с выключателем,32
люстра подвесная на крюк,32
лампы на потолок,32
магазин освещения,32
деревянная люстра,32
люстра кольца,32
торшер купить в москве,32
люстра абажур,31
купить светодиодные лампы,31
люстра с пультом управления,31
красная люстра,31
кутек,31
lightstar светильники,31
прикроватная лампа,31
светильники настенные для внутреннего освещения,31
светильник квадратный,31
шинопровод для светильников,31
абажур купить в москве,31
rgbw лента,31
подвески для люстры,30
уличный фонарь с датчиком движения,30
майтони люстры,30
лампа e14,30
где купить люстру,30
светильник потолочный трековый,30
светильник влагозащищенный,30
люстра потолочная плоская,30
ткань для абажура,30
светильники споты,30
купить выключатель света,30
реечный светильник,30
диммируемая лампа,29
люстра из дерева,29
накладной точечный светильник,29
люстра цветок,29
потолочный светильник в ванную,29
светильник светодиодный промышленный,29
led driver citilux,29
люстра с плафонами,29
светильник в коридор потолочный,29
светильник потолочный для ванной,29
лампа в ванную,29
светильник светодиодный потолочный накладной,29
светильники для террасы,28
светильник уличный столбик,28
светодиодный светильник с датчиком движения,28
люстра ссср,28
пульт для светодиодной люстры,28
лампа е 27,28
бра для спальни,28
лампа шар,28
светильник садово парковый,27
купить светодиодную лампу,27
магазин света москва,27
фрея свет,27
люстра citilux,27
светильник шар подвесной,27
уличные светильники на дом,27
люстра для гостиной,26
встроенные трековые светильники,26
люстра под потолок,26
светильник в спальню,26
виды люстр,26
люстра на потолок,26
освещение купить,26
светильник 1200мм,26
абажур для люстры,26
люстра на штанге,25
плоская люстра,25
трековый светильник maytoni,25
освещение на веранде,25
фонарь на столб,25
denkirs светильники,25
светильник из ротанга,25
maytoni официальный,25
подвесной светодиодный светильник,25
купить светильник светодиодный потолочный,25
светильники и люстры,25
люстры в москве,25
люстра бронза,25
купить светильники в москве,25
черная люстра,25
ландшафтные светильники столбики,25
фонарные столбы,24
люстра в гостиную купить,24
люстра потолочная дизайнерская,24
парковые светильники,24
светильник ip65,24
светильник на веранду,24
люстра для дачи,24
круглая люстра,24
ретро лампы,24
люстра в современном стиле,24
светильник gauss,24
сонекс светильники,23
светильники в ванную комнату на потолок,23
диодная люстра,23
люстры в интерьере,23
контрольная лампа,23
светильник уличный шар,23
садовые светильники купить,23
консольный светильник,23
электрическая лампа,23
лампа настольная на прищепке,23
накладные споты,23
спот поворотный,23
светильники для дачи,22
плафон освещения потолочный,22
лемана люстры,22
eurosvet светильники,22
потолочный светильник maytoni,22
люстра odeon light,22
свет купить,22
встраиваемые трековые светильники,22
светильники для веранды,22
интернет магазин люстр,22
мантра светильники,22
лампа освещения,22
люстра vitaluce,22
люссоль,21
фонарный столб уличный купить,21
светильник для ванной потолочный влагозащищенный накладной,21
лампа светодиодная gu10,21
светильник айсберг,21
планка для люстры,21
фонарный столб купить,21
люстры 2026,21
люстра modelux,21
купить люстру в комнату,21
магазин люстр и светильников,21
люстра на крюк,21
купить плафон,21
светильник 600х600,21
лампа с абажуром,21
фонарь подвесной,21
встраиваемые точечные светильники,21
лампа для стола,20
детский светильник,20
светильник встраиваемый светодиодный,20
зеленая люстра,20
светильник led,20
люстры тиффани,20
подвес для светильника,20
светильник в ванную комнату настенный купить в москве,20
люстра в восточном стиле,20
светильник ру,20
лампа светодиодная e27,20
люстра москва,19
советская люстра,19
абажур на люстру,19
настенный светильник maytoni,19
люстра eurosvet,19
светодиодный уличный фонарь,19
подсветка стены,19
подсветка в ванной,19
люстра escada,19
светильники москва,19
гибкий светильник,19
люстра тиффани купить,19
интернет-магазин светильников,19
светильник светодиодный квадратный,19
loft it светильники,19
современные светильники,19
настенно потолочные светильники,19
люстра черная потолочная,19
интернет магазин светильников,19
лампа торшер,19
ретро люстра,18
светильник над кухонным столом,18
бра odeon light,18
магнитный светильник,18
люстра белая,18
лампа на кухню,18
люстры для дачи,18
встроенный выключатель,18
люстра на крючке,18
подвесной светильник черный,18
люстра классика,18
светильник спот потолочный,18
купить люстру подвесную,18
двойной светильник,18
классические люстры,18
люстра lumion,18
люстра е27,18
светильник для ванны,18
купить светильник на солнечной батарее,17
светильник круглый,17
светильник плоский,17
люстра подвесная купить,17
настенный светильник черный,17
лента rgb,17
спот купить,17
люстра каскадная,17
трек освещение,17
люстры светильники,17
светильник уличный садовый,17
ситилюкс люстры,17
длинная люстра,17
уличная люстра,17
плафон светильника,17
поворотный светильник,17
люстра с абажуром из ткани,16
люстра арт деко,16
люстра стеклянная,16
светильники купить москва,16
ночная подсветка коридора,16
люстра потолочная стекло,16
светильник на стол,16
встраиваемый светильник maytoni,16
светильники на дом,16
светильник odeon light,16
светильник уличный подвесной металлический,16
хочу купить люстру для гостиной хочу посмотреть,16
кухонные светильники,16
лампа настольная деревянная,16
садовые светильники столбики,16
купить светодиодный светильник,16
потолочный светильник купить в москве,16
магазин освещения москва,16
светильник светодиодный 600х600,16
люстра omnilux,15
рожковая люстра,15
подвесной светильник для кухни,15
светильник грунтовый,15
профиль arlight,15
торшер для гостиной,15
длинные люстры,15
цветовая температура светильников,15
люстры на крючке,15
подвесная лампа,15
arlight светильники,15
столбы освещения уличные купить,15
светильник потолочный армстронг,15
магнитные трековые системы,15
светильник на балкон настенный,15
светильники для балкона,15
светильники потолочные эра,15
торшер напольный изогнутый,14
светильник потолочный накладной круглый,14
лучшие светодиодные лампы,14
swg светильники,14
лампочка для светильника,14
светильник плоский потолочный,14
самый большой магазин люстр в москве,14
belfast светильники,14
лампа для кухни,14
точечный светильник светодиодный,14
светильник потолочный светодиодный квадратный,14
arte lamp подвесной,14
маленький светильник,14
мощность светодиодных ламп,14
светильники для сада,14
люстра латунь,14
трековый светильник белый,14
садовые фонари купить,14
большая люстра,14
торшер тренога,14
бра черное,14
лента arlight 24v,14
солнечный уличный светильник,14
лампа ссср,14
светильник прищепка,13
люстра в спальню потолочная,13
светильники eglo,13
люстра прямоугольная потолочная,13
споты купить,13
led светильники потолочные,13
уличные люстры,13
люстра самолет,13
светильник на террасу настенный,13
консольный светодиодный светильник,13
круглая лампа,13
уличный фонарь столб,13
светильник на движение,13
декоративные лампы,13
драйвер для светильника,13
люстра в квартиру,13
купить подвесной светильник,13
столб уличный,13
уличная лампа,13
arlight официальный,13
бра купить москва,13
бра муранское стекло,13
лампа 12v,12
типы светильников,12
садовые светильники на солнечных,12
светильник novotech,12
светильник varton,12
купить современную люстру,12
офисные светильники,12
люстра таблетка,12
светильник потолочный светодиодный линейный,12
светильник настенный белый,12
светодиодный светильник армстронг,12
люстры модерн,12
люстра из цветного стекла,12
лед светильники,12
установка светильников,12
светильник gu10,12
сколько стоит люстра,12
лампы освещения,12
трековый светильник трехфазный,12
люстра на террасу,12
люстра стекло,12
уличный потолочный светильник на террасу,12
люстры каталог,12
фонарные столбы уличные купить,12
уличный светильник эра,12
люстры люкс,11
лемана светильники,11
люстра подвесная светодиодная,11
светильник потолочный 60 60,11
китайские светильники,11
лампа светильник,11
уличный фонарь на столб купить,11
уличные светильники для загородного дома на стену,11
бра стекло,11
спот встраиваемый,11
ambrella light светильник,11
люстра на веранду,11
светильник светодиодный ip54,11
лампа онлайн,11
подвесной светильник белый,11
люстры под натяжной потолок,11
пульт для лампы,11
уличные подвесные светильники для террасы и веранды,10
купить проходной выключатель,10
монтаж светильников,10
светильники световые технологии,10
уличные столбы освещения,10
люстры чехия,10
кнопка дверного звонка,10
люстра жаклин,10
настольные лампы и светильники,10
купить люстру в зал,10
купить запчасти для люстры,10
светильник с прищепкой,10
светильник настенный круглый,10
бра odeon,10
встраиваемый уличный светильник,10
люстра купить интернет магазин,10
встроенный точечный светильник,10
уличный наземный светильник,10
столбы фонарные уличного освещения,10
купить светодиодную люстру,10
люстра для комнаты,10
светильник консольный светодиодный уличный,10
зеленая настольная лампа,10
купить бра настенные,10
лампа теплый свет,10
люстра на балкон,9
спот цена,9
советская лампа,9
светильник солнечный садовый,9
гибкая трековая система,9
люстры арт деко,9
стильные люстры 2026,9
светильник massive,9
настенный светильник купить в москве,9
световой занавес,9
люстра с креплением на крюк,9
длинные светильники,9
магазин люстры в москве,9
бра настенные современные,9
rgb ленты,9
потолочное крепление для люстры,9
светильник светодиодный внутреннего освещения,9
срот,9
светильник выход,9
светильники встраиваемые в потолок,9
свет люстры,9
светильники newport,9
бра тиффани,9
люстра на крюке,9
люстра e27,9
классическая настольная лампа,9
сборка люстры,9
уличные светильники майтони,9
крепление для светильника,9
белый свет светильники,9
светильник светодиодный потолочный встраиваемый,8
st luce светильники,8
тканевая люстра потолочная,8
лампы купить,8
магазин осветительных приборов,8
люстра arte lamp,8
уличный светильник на террасу,8
светильник встраиваемый gx53,8
люстра odeon,8
светильник торшер,8
линейный трековый светильник,8
люстра в кабинет,8
однофазные трековые светильники,8
светильник люстра,8
лампы led,8
люстра фонарь,8
люстра кокон,8
купить люстру для спальни,8
купить классическую люстру в гостиную,8
круглый светодиодный светильник,8
люстра е14,8
мини лампа,8
люстры на крюк,8
интернет-магазин света,8
купить люстру москва,8
люстры купить москва,8
светильники arte lamp,8
светильник потолочный влагозащищенный,8
встраиваемый светильник novotech,8
освещение на уличной веранде,8
люстры для комнаты,8
линейные светильники купить,8
садовое освещение,8
фонари для террасы,8
купить красивую люстру,8
профиль для подсветки ступеней,8
интернет магазин света,8
уличные светильники на столбы,8
люстры из цветного стекла,8
подсветка кухонного гарнитура,8
светильник светодиодный ip65,7
светильник цена,7
светодиодные лампы накаливания,7
светодиодные светильники 6500к,7
встраиваемый светильник ip65,7
лента arlight,7
фонарные столбы уличные,7
купить люстру магазин,7
золотая люстра,7
потолочный светильник gx53,7
интернет магазин светильников и люстр,7
потолочные светильники для натяжных,7
люстра rivoli,7
люстра на крюке купить,7
люстра в стиле кантри,7
настольная лампа красная,7
люстра потолочная крепление на крюк,7
торшер дуга,7
люстры интернет магазин,7
светильник в беседку подвесной купить,7
лампа на прищепке купить,7
абажуры для светильников,7
торшер изогнутый,7
люстра потолочная флористика,7
немецкие люстры,7
люстра потолочная на дачу,7
гибкий шинопровод,7
люстра нежность,7
светодиодный модуль купить,7
торшер столик,7
светильник уличный консольный,7
лампа спот,7
люстра парус,7
свет люстры светильники,7
светильники из гипса,7
люстра потолочная классическая,7
черная лампа,7
держатель для люстры,7
плафоны для люстр,7
хрустальные люстры чехия,7
торшер современный напольный,7
плафоны для бра,7
спот винтаж,7
светильник угловой,7
светильник фонарь,7
выключатель для лампы,7
где купить лампу,7
светильник светодиодный потолочный ip65,7
бра кожа,6
люстры светильники купить,6
польские люстры,6
купить люстру недорого,6
встроенный светильник maytoni,6
точечные лампы,6
прямоугольные светильники,6
люстра led,6
светильник в санузел,6
maytoni сайт,6
встроенные споты,6
светильники над кухней,6
светодиодный светильник 1200мм,6
люстра цена,6
бра флористика,6
лифт подъемник для люстры,6
люстры стекло,6
лампы для люстры,6
лампа бра,6
светильник металлический,6
фонарь лампа,6
мощность ламп,6
степень защиты светильников,6
светильник dali,6
торшер нависающий над диваном,6
уличные светильники для загородного,6
врезные светильники,6
люстры распродажа остатков,6
синяя люстра,6
светильник е27,6
потолочный светильник для ванной комнаты,6
уличный светильник столб,6
накладка на потолок под люстру,6
настольная лампа стекло,6
кутек люстры,6
уличные фонари столбики,6
абажуры для настольных ламп,6
светильник на открытую веранду,6
люстра свечи,6
светильник ip44,6
аксессуары для люстры,6
купить солнечный светильник,5
светильник круг,5
уличный фонарь с датчиком,5
спот на 4 лампы,5
люстра цветное стекло,5
абажур на настольную лампу,5
светильник citilux,5
уличные светильники для загородного дома наземные влагозащищенные купить в москве,5
встраиваемый светильник gu10,5
недорогие люстры,5
лампа настольная с креплением к столу,5
встраиваемый светильник белый,5
люстра белая потолочная,5
люстра потолочная лофт,5
люстры потолочные для спальни в современном стиле,5
люстры гусь,5
купить люстру с установкой,5
светильники ambrella,5
натяжная лампа,5
люстра velante,5
светильники в восточном стиле,5
абажуры для бра,5
фонари уличного освещения,5
люстры тиффани купить,5
люстры распродажа,5
люстра хром,5
настенный светильник led,5
уличный подвесной фонарь,5
люстры потолочные недорого,5
люстра современная купить,5
современные люстры купить,5
светильники чехия,5
линейный встраиваемый светильник,5
светильник уличный ip65,5
чешская люстра,5
потолочный светильник тарелка металл,5
спот на 4 лампы на основании настенный,5
светильник светодиодный ip67,4
люстра магазин,4
уличный ландшафтный светильник,4
хрустальное бра,4
лампа настольная белая,4
споты черные,4
освещение люстры,4
бра белый,4
светильник уличного освещения,4
пульт от лампы,4
уличное освещение столбы,4
светильники для открытой террасы,4
подъемник для люстры,4
люстра крепление на крюк,4
светильник настенный с выключателем на шнуре,4
испанские светильники,4
светильник ip67,4
золотой светильник,4
светильник odeon,4
встроенный линейный светильник,4
красивые люстры для гостиной,4
люстра купить москва,4
люстра потолочная с пультом,4
светильник встраиваемый ip20,4
мощность светодиодного светильника,4
светодиодная лампа 220в,4
купить уличный потолочный светильник на открытую террасу,4
люстры италия распродажа,4
светильник на лоджию,4
бра из ротанга,4
подвесной светильник из ротанга,4
купить люстру для кухни в москве,4
струнные светильники,4
g53 светильник,4
гипсовые бра,4
люстры в спальню 2026,4
люстра таблетка потолочная купить,4
итальянские люстры reccagni angelo,4
кнопка для дверного звонка,4
трехфазный светильник,4
купить фонарь на столб,4
трековый светильник ip44,4
купить торшер с доставкой,4
комплект светильников,4
светильник maytoni technical,4
столбик садовый с подсветкой,4
уличные светильники в стиле лофт,4
купить точечные светильники потолочные,4
каталог люстр,4
блок питания для светильника,3
люстры для квартиры,3
торшер арка,3
стеклянная лампа,3
светильник e27,3
бра арт деко,3
система светильников,3
уличный столб освещения,3
спот белый,3
светильник favourite,3
квадратная люстра,3
светильник в комнату,3
светильник с датчиком,3
лампа подсветки,3
современная потолочная люстра,3
купить плафоны для люстр,3
магазин люстры москва,3
светильник белый,3
светильник панель,3
купить диодную лампу,3
освещение в квартире 2026,3
потолочные светильники для террасы,3
черный светильник,3
newport люстры,3
умные трековые светильники,3
стили люстр,3
солнечный уличный фонарь,3
точечные светильники для натяжных,3
энергосберегающие светильники,3
люстры подвесные на крюк для кухни,3
люстра в комнату купить,3
купить люстру в москве в магазине,3
купить люстру онлайн,3
настольная лампа в морском стиле,3
встроенные светильники ip65,3
люстра золото,3
пульт ду для люстры,3
освещение для спальни,3
лампа с креплением к столу,3
светильник кольцо,3
люстра светильник потолочный,3
встроенные светильники потолочные светодиодные,3
лампы теплого света,3
светильник уличный черный,3
люстры freya каталог,3
люстры в современном интерьере,3
люстры в стиле тиффани,3
люстра mw light,3
светильники в ванную комнату на потолок влагозащищенный,3
светильники ландшафтные уличные столбики светодиодный,3
металлические торшеры,3
модные люстры на кухню 2026,3
пульт для светильника,3
купить люстру стекло,3
российские светильники,3
лента ргб,3
магазин торшеров в москве,3
белый накладной светильник,3
бра из ткани,3
декоративные светильники,3
лампа для террасы,3
трековый светильник латунь,3
люстры фото,3
уличный красный светильник,3
светильники уличные настенные влагозащищенные для загородного дома купить,3
трековое освещение в коридоре,3
люстры с креплением на крюк,3
люстры для кухни 2026,3
купить люстру на крючке,3
светильники из металла,3
купить подвесную люстру в гостиную,3
садовые фонари электрические,3
струнная система освещения,3
светильник led ip65,3
каталог светильников,3
солнечная лампа,3
часы светильник,2
лампы для помещения,2
светильник светодиодный 220в,2
мощная лампа,2
встраиваемый круглый светильник,2
торшеры москва,2
купить встроенный светильник,2
светильник потолочный ip65,2
светильник elektrostandard,2
люстры на кухню 2026,2
торшер ретро,2
классические настольные лампы,2
люстры в квартиру,2
люстра из ротанга купить,2
керамическая настольная лампа,2
люстры eglo,2
люстра для спальни купить,2
абажур на светильник,2
магазин уличных фонарей,2
потолочная люстра в виде палочек,2
citilux smart,2
купить качественную люстру,2
настенный уличный светильник большой формы,2
модные потолочные светильники 2026,2
лампа обычная,2
купить настольную лампу в стиле ретро,2
светильник спот ретро стиль,2
торшер напольный со стеклянным плафоном ландыш,2
плафон на люстру st luce круглый,2
светильник уличный reluse,2
люстра для прихожей высокой,2
подвесное крепление люстры,2
светильник для ванной настольный,2
арочный торшер купить,2
люстры потолочные плоские,2
лампу купить,2
светильник встраиваемый ip54,2
светильники хром,2
спальня с торшером,2
производители светодиодных лент,2
люстра в мужскую спальню,2
уличные светильники для террасы,2
спот ретро,2
освещение на кухне 2026,2
купить люстру в прихожую,2
люстра большая светлая,2
уличные светильники италия,2
светильник 24 вольта,2
люстра mantra,2
большой светильник,2
светильник светодиодный черный,2
фонарный столб уличный купить в москве,2
люстра в квартиру а спальне,2
люстры современные купить в москве,2
купить настенную люстру в москве,2
бра богемия хрусталь,2
бра с диммером,2
торшел флористика купить в москве,2
уличный трековая система ip65,2
светодиодный светильник led,2
светильник ip54,2
торшер напольный в стиле лофт,2
настольная лампа чехия,2
абажуры для настольных ламп отдельно,2
настенный светильник для лестницы,2
люстры в стиле арт деко,2
светильник уличный влагозащищенный,2
купить подвесную люстру в москве,2
светильники в наличии,2
светильник светодиодный ip68,2
светильники из китая,2
купить точечные светильники,2
настольные лампы москва,2
встроенный светильник диаметр,2
встроенные потолочные светильники светодиодные встраиваемые,2
спот товары,2
arlight светодиодная,2
куплю люстру,2
светильник регулируемый,2
светильник наружный,2
большая лампа,2
светильники в интерьере,2
светильник для ванны потолочный,2
рожки люстры,2
встроенный светильник черный,2
маленькая люстра,2
светильники для влажных помещений,2
люстры с тканевыми абажурами,2
купить столб освещения,2
люстра потолочная на крюк,2
люстры на крюке,2
фонарные столбы купить,2
купить люстру в интернет магазине,2
люстра в гостиную в современном стиле купить,2
люстры в комнату,2
настольные лампы в стиле ретро,2
люстра под крюк,2
светильник уличный светодиодный на столб,2
светильники потолочные 600х600,2
потолочный светильник в комнату,2
подвесной светильник 4000к,2
купить люстру в спальню в москве,2
стеклянные люстры,2
пульт от люстры,2
уличные настенные светильники для загородного дома купить,2
люстра для спальни потолочная в современном стиле,2
люстры в дом,2
встроенная лампа,2
температура светильников,2
световая температура светильников,2
высокие светильники,2
светодиодные лампы теплый свет,2
торшер напольный москва,2
светильник светодиодный 5000к,1
аксессуары для светильников,1
подрозетник maytoni,1
трек уличный ip67,1
стильный свет светильники,1
фонарь столб,1
люстры цены,1
светильник точечный уличный встраиваемый,1
распродажа люстр,1
купить кнопку дверного звонка,1
люстры для дома,1
лампы на балкон,1
люстры купить в москве интернет,1
заказать люстру,1
купить настольную лампу на прищепке,1
тканевые потолочные светильники,1
американские настольные лампы,1
фонари уличные классические,1
светильники из ротанга купить,1
декоративные фонарные столбы,1
декоративный фонарный столб,1
люстры купить онлайн,1
настольная лампа флористика,1
трековые светильники dali,1
уличное освещение веранды,1
светильники российского производства,1
настольные лампы из дерева,1
бра тканевые,1
люстры и светильники купить,1
пульт для потолочного светильника,1
люстры в восточном стиле купить,1
фонарь уличный подвесной купить,1
магазин светодиодных ламп,1
купить люстру из цветного стекла,1
потолочные светильники 2026,1
магазин гирлянд,1
световой столб купить,1
светильник встроенный белый,1
спот светодиодный,1
встроенные светильники gx53,1
светильники arte,1
купить лампу москва,1
светильник настенно потолочный светодиодный,1
под потолочный светильник,1
подвесной led светильник,1
лента светодиодная arlight 24v,1
maytoni gu10,1
светильник настенный ip65,1
lussole lsp,1
smart arlight,1
бра москва,1
настенные лампы светильники,1
точечный светильник белый,1
купить rgb ленту,1
купить люстру в москве интернет магазин,1
люстры таблетки,1
светильник люстра купить,1
встраиваемые светильники ip44,1
профиль arlight алюминий,1
светильник потолочный светодиодный белый,1
встроенный светодиодный светильник led,1
настенный светильник odeon,1
настенный светильник odeon light,1
люстра лента,1
светодиодные ленты rgb,1
купить люстру потолочную в москве недорого,1
светильники для ванной настенные,1
люстра интернет магазин,1
уличные потолочные светильники встраиваемые,1
люстры официальный сайт,1
встраиваемый led светильник,1
потолочный светильник белый,1
светильник трековый светодиодный,1
люстры дешево,1
абажуры для ламп,1
натяжная люстра,1
белые встроенные светильники,1
встраиваемые лампы,1
лучшие светильники,1
черный потолочный светильник,1
светильники для помещений,1
мощность светильника,1
одеон цены,1
большой выбор освещения в москве,1
люстры ситилюкс каталог,1
настольная лампа одеон лайт,1
купить хрустальный торшер германия,1
ротанговые светильники,1
настольная лампа с керамическим основанием,1
блок управления для светильника потолочного citilux,1
домашнее настенные светильники,1
чёрные плоские люстры с эффектом 3d в стиле ар-деко,1
ситилюкс сайт,1
светильник с веревочным выключателем,1
торшер хрустальный германия напольный купить в москве,1
заказать спот,1
коллекции потолочных светильников,1
светильник торшер в угол,1
купить люстру для прихожей для большого крючка,1
люстра в стиле арт деко купить,1
люстра не террасу деревянный дом,1
торшер керамический,1
освещение сайт,1
интернет магазин освещения,1
бра богемия,1
фонарный столб для сада,1
светильники подвесные четыре лампы на одной основе,1
бра настенный со светом вверх и вниз,1
накладной светильник ip65,1
светильник круглый накладной,1
внутренние светильники,1
лампа в комнату,1
светильник светодиодный с датчиком,1
люстры потолочные москва,1
светодиодный светильник feron,1
ньюпорт светильники,1
нейтральная лампа,1
стеклянный светильник,1
светильник ip68,1
светлый магазин,1
светильники в москве,1
настольная лампа в классическом стиле,1
почему светодиодные лампы,1
люстра arte,1
линейный светильник ip65,1
люстры лампы потолочные,1
сайт люстры,0
керамические настольные лампы,0
потолочный светильник на балкон,0
купить классическую настольную лампу,0
